,Company,Title,Location,Apply
0,Gucci,GUCCI Retail Intern,Greater Kolkata Area,https://in.linkedin.com/jobs/view/gucci-retail-intern-at-gucci-3762645255?refId=qCoM388tFmgT84PrHnAFCw%3D%3D&trackingId=zSd0UGQgd7dpeUmGNxySpw%3D%3D&position=1&pageNum=0&trk=public_jobs_jserp-result_search-card
1,Blinkit,Intern,"Gurugram, Haryana, India",https://in.linkedin.com/jobs/view/intern-at-blinkit-3772370920?refId=qCoM388tFmgT84PrHnAFCw%3D%3D&trackingId=XU%2BKUKMowqbpTe5IEkP4OA%3D%3D&position=2&pageNum=0&trk=public_jobs_jserp-result_search-card
2,FirstCry.com (BrainBees Solutions Pvt. Ltd.),Firstcry - Intern - Search Engine Optimization,"Pune, Maharashtra, India",https://in.linkedin.com/jobs/view/firstcry-intern-search-engine-optimization-at-firstcry-com-brainbees-solutions-pvt-ltd-3759007232?refId=qCoM388tFmgT84PrHnAFCw%3D%3D&trackingId=l8uK2W4En%2F7EEPmmvl0Tig%3D%3D&position=3&pageNum=0&trk=public_jobs_jserp-result_search-card
3,SUN PHARMA,Intern - HR Operations,"Gurugram, Haryana, India",https://in.linkedin.com/jobs/view/intern-hr-operations-at-sun-pharma-3772907161?refId=qCoM388tFmgT84PrHnAFCw%3D%3D&trackingId=wmhKXs3CYyUpxQvDsux%2FrA%3D%3D&position=4&pageNum=0&trk=public_jobs_jserp-result_search-card
4,Hypersonix Inc.,Data Science - Internship,India,https://in.linkedin.com/jobs/view/data-science-internship-at-hypersonix-inc-3730240234?refId=qCoM388tFmgT84PrHnAFCw%3D%3D&trackingId=mmhhruCROj6OeD5UCtrf8g%3D%3D&position=5&pageNum=0&trk=public_jobs_jserp-result_search-card
5,HCLTech,Freshers- Walk in- 17th Nov- HCL - Jigani,"Bengaluru, Karnataka, India",https://in.linkedin.com/jobs/view/freshers-walk-in-17th-nov-hcl-jigani-at-hcltech-3762083257?refId=qCoM388tFmgT84PrHnAFCw%3D%3D&trackingId=TeBMN9prhzTbkCTJc0oz5w%3D%3D&position=6&pageNum=0&trk=public_jobs_jserp-result_search-card
6,Acceron,Data Science Internship,"Mumbai, Maharashtra, India",https://in.linkedin.com/jobs/view/data-science-internship-at-acceron-3769054177?refId=qCoM388tFmgT84PrHnAFCw%3D%3D&trackingId=2hXWP7NWc4ISjAATarrmrw%3D%3D&position=7&pageNum=0&trk=public_jobs_jserp-result_search-card
7,Jio,Finance Intern,"Navi Mumbai, Maharashtra, India",https://in.linkedin.com/jobs/view/finance-intern-at-jio-3773623837?refId=qCoM388tFmgT84PrHnAFCw%3D%3D&trackingId=zndMZEaHAEsinX1A5i2WKg%3D%3D&position=8&pageNum=0&trk=public_jobs_jserp-result_search-card
8,GVR BUSINESS TRANSFORMS,Python intern,"Kochi, Kerala, India",https://in.linkedin.com/jobs/view/python-intern-at-gvr-business-transforms-3769048860?refId=qCoM388tFmgT84PrHnAFCw%3D%3D&trackingId=a%2Bs0fxKfxGHDeoTumsK6Jg%3D%3D&position=9&pageNum=0&trk=public_jobs_jserp-result_search-card
9,Ralph Lauren,"Trainee (New Grad - Temporary) Onsite Bangalore, India","Bengaluru, Karnataka, India",https://in.linkedin.com/jobs/view/trainee-new-grad-temporary-onsite-bangalore-india-at-ralph-lauren-3758135303?refId=qCoM388tFmgT84PrHnAFCw%3D%3D&trackingId=7tCSk1OJdm4OVL11mtwNjA%3D%3D&position=10&pageNum=0&trk=public_jobs_jserp-result_search-card
10,Upstox,UI Design Intern (2023-2024),"Mumbai, Maharashtra, India",https://in.linkedin.com/jobs/view/ui-design-intern-2023-2024-at-upstox-3773554597?refId=qCoM388tFmgT84PrHnAFCw%3D%3D&trackingId=%2B2FUZALZiQeeetcQvNTk6w%3D%3D&position=11&pageNum=0&trk=public_jobs_jserp-result_search-card
11,NeuralSpace,Applied Research Scientist Intern,"Bengaluru, Karnataka, India",https://in.linkedin.com/jobs/view/applied-research-scientist-intern-at-neuralspace-3675902296?refId=qCoM388tFmgT84PrHnAFCw%3D%3D&trackingId=kmJT4TZsE8WmtkSdqRGK7g%3D%3D&position=12&pageNum=0&trk=public_jobs_jserp-result_search-card
12,ZEE5,Intern- CLM,"Mumbai, Maharashtra, India",https://in.linkedin.com/jobs/view/intern-clm-at-zee5-3769090082?refId=qCoM388tFmgT84PrHnAFCw%3D%3D&trackingId=N7MlO9p%2FV%2FsUVJHIl%2B%2BapQ%3D%3D&position=13&pageNum=0&trk=public_jobs_jserp-result_search-card
13,Limeroad.com,Catalogue Intern,"Gurgaon, Haryana, India",https://in.linkedin.com/jobs/view/catalogue-intern-at-limeroad-com-3692375098?refId=qCoM388tFmgT84PrHnAFCw%3D%3D&trackingId=iME5cL21Cq662saAR6OxBg%3D%3D&position=14&pageNum=0&trk=public_jobs_jserp-result_search-card
14,Acowale,UI/UX Designer Internship - Figma,"Bengaluru, Karnataka, India",https://in.linkedin.com/jobs/view/ui-ux-designer-internship-figma-at-acowale-3775802418?refId=qCoM388tFmgT84PrHnAFCw%3D%3D&trackingId=9N4%2FOvdmrbVw9GWiYhpdtA%3D%3D&position=15&pageNum=0&trk=public_jobs_jserp-result_search-card
15,United Airlines,Intern - India,"Gurugram, Haryana, India",https://in.linkedin.com/jobs/view/intern-india-at-united-airlines-3781253145?refId=qCoM388tFmgT84PrHnAFCw%3D%3D&trackingId=pWe7DPM4rJAMJccMRK7Xpg%3D%3D&position=16&pageNum=0&trk=public_jobs_jserp-result_search-card
16,Sony Music Entertainment,Intern- POP Marketing,"Mumbai, Maharashtra, India",https://in.linkedin.com/jobs/view/intern-pop-marketing-at-sony-music-entertainment-3773094775?refId=qCoM388tFmgT84PrHnAFCw%3D%3D&trackingId=ElqHUNKM8zGKEnHkYaFG3Q%3D%3D&position=17&pageNum=0&trk=public_jobs_jserp-result_search-card
17,PATH,Internship - Mental Health Program,Greater Delhi Area,https://in.linkedin.com/jobs/view/internship-mental-health-program-at-path-3735079377?refId=qCoM388tFmgT84PrHnAFCw%3D%3D&trackingId=N5c3egHuX%2BIAs%2FJMghszQg%3D%3D&position=18&pageNum=0&trk=public_jobs_jserp-result_search-card
18,Cornerstone Solutions,Data Scientist Intern,"Indore, Madhya Pradesh, India",https://in.linkedin.com/jobs/view/data-scientist-intern-at-cornerstone-solutions-3770914221?refId=qCoM388tFmgT84PrHnAFCw%3D%3D&trackingId=2LV9bIR2FmfpbuBpsuemHg%3D%3D&position=19&pageNum=0&trk=public_jobs_jserp-result_search-card
19,Spaarks,Marketing Intern,"Hyderabad, Telangana, India",https://in.linkedin.com/jobs/view/marketing-intern-at-spaarks-3783639822?refId=qCoM388tFmgT84PrHnAFCw%3D%3D&trackingId=4zFaNxOFDTZQbSW4g8zNog%3D%3D&position=20&pageNum=0&trk=public_jobs_jserp-result_search-card
20,Purplle.com,HR MIS Executive Intern,"Mumbai, Maharashtra, India",https://in.linkedin.com/jobs/view/hr-mis-executive-intern-at-purplle-com-3775978145?refId=qCoM388tFmgT84PrHnAFCw%3D%3D&trackingId=e00206C36PVfAL%2FVFjyqbA%3D%3D&position=21&pageNum=0&trk=public_jobs_jserp-result_search-card
21,MAISON D' AURAINE,E-commerce Operations - Internship,"Gurugram, Haryana, India",https://in.linkedin.com/jobs/view/e-commerce-operations-internship-at-maison-d-%E2%80%8B-auraine-3763866501?refId=qCoM388tFmgT84PrHnAFCw%3D%3D&trackingId=zhpfUgNB0NKhuv8zOBOtRw%3D%3D&position=22&pageNum=0&trk=public_jobs_jserp-result_search-card
22,Exotel,Intern-Partnership Associate,"Bengaluru, Karnataka, India",https://in.linkedin.com/jobs/view/intern-partnership-associate-at-exotel-3762665052?refId=qCoM388tFmgT84PrHnAFCw%3D%3D&trackingId=uUUjRjjycJaw9xHzGyuIHQ%3D%3D&position=23&pageNum=0&trk=public_jobs_jserp-result_search-card
23,PwC,Intern/ Trainee,"Mumbai, Maharashtra, India",https://in.linkedin.com/jobs/view/intern-trainee-at-pwc-3780431273?refId=qCoM388tFmgT84PrHnAFCw%3D%3D&trackingId=G7iosRUJvA%2Fp0dfj5QzCEQ%3D%3D&position=24&pageNum=0&trk=public_jobs_jserp-result_search-card
24,PyjamaHR,HR Intern,India,https://in.linkedin.com/jobs/view/hr-intern-at-pyjamahr-3775404728?refId=qCoM388tFmgT84PrHnAFCw%3D%3D&trackingId=h1KjokejYrZkoIJTCYQxRg%3D%3D&position=25&pageNum=0&trk=public_jobs_jserp-result_search-card
25,Cipla,Business Analyst,"Mumbai, Maharashtra, India",https://in.linkedin.com/jobs/view/business-analyst-at-cipla-3771874895?refId=qSLdlmtdg4tF0TIqReEKww%3D%3D&trackingId=GlUOkw4hww%2FvTD84w7ANQQ%3D%3D&position=1&pageNum=1&trk=public_jobs_jserp-result_search-card
26,ZARA SA,Visual Merchandiser,Mumbai Metropolitan Region,https://in.linkedin.com/jobs/view/visual-merchandiser-at-zara-sa-3781870840?refId=qSLdlmtdg4tF0TIqReEKww%3D%3D&trackingId=bi80C6P9s2V7n%2F8rE0Vr%2BQ%3D%3D&position=2&pageNum=1&trk=public_jobs_jserp-result_search-card
27,Marico Limited,Operations Executive,"Mumbai, Maharashtra, India",https://in.linkedin.com/jobs/view/operations-executive-at-marico-limited-3781855938?refId=qSLdlmtdg4tF0TIqReEKww%3D%3D&trackingId=jM0aphE0%2FjKL760vNO50Ng%3D%3D&position=3&pageNum=1&trk=public_jobs_jserp-result_search-card
28,ZUS,Stanowisko ds. wsparcia administracyjnego,"West Bunghmun, Mizoram, India",https://in.linkedin.com/jobs/view/stanowisko-ds-wsparcia-administracyjnego-at-zus-3783459893?refId=qSLdlmtdg4tF0TIqReEKww%3D%3D&trackingId=ns1za7Vl2AQ6mLW%2BQczltg%3D%3D&position=4&pageNum=1&trk=public_jobs_jserp-result_search-card
29,Blinkit,Head of Operations,"Chandigarh, India",https://in.linkedin.com/jobs/view/head-of-operations-at-blinkit-3772378256?refId=qSLdlmtdg4tF0TIqReEKww%3D%3D&trackingId=I6wbSTQtZ123y4YaUqK3Vg%3D%3D&position=5&pageNum=1&trk=public_jobs_jserp-result_search-card
30,Infosys BPM,Associate Finance,"Bengaluru, Karnataka, India",https://in.linkedin.com/jobs/view/associate-finance-at-infosys-bpm-3772024111?refId=qSLdlmtdg4tF0TIqReEKww%3D%3D&trackingId=g25nUdouuiBBkMkdNwtR%2Bg%3D%3D&position=6&pageNum=1&trk=public_jobs_jserp-result_search-card
31,airtel,Product Manager,"Gurugram, Haryana, India",https://in.linkedin.com/jobs/view/product-manager-at-airtel-3781874852?refId=qSLdlmtdg4tF0TIqReEKww%3D%3D&trackingId=rgQZCMZfHL7TmixyuXam0Q%3D%3D&position=7&pageNum=1&trk=public_jobs_jserp-result_search-card
32,ZUS,Stanowisko ds. obsługi postępowania orzeczniczego,"West Bunghmun, Mizoram, India",https://in.linkedin.com/jobs/view/stanowisko-ds-obs%C5%82ugi-post%C4%99powania-orzeczniczego-at-zus-3783494207?refId=qSLdlmtdg4tF0TIqReEKww%3D%3D&trackingId=iBnrEsPAISPzIgP5OD768A%3D%3D&position=8&pageNum=1&trk=public_jobs_jserp-result_search-card
33,ZUS,Doradca płatnika składek - Zgierz (wyniki naboru),"West Bunghmun, Mizoram, India",https://in.linkedin.com/jobs/view/doradca-p%C5%82atnika-sk%C5%82adek-zgierz-wyniki-naboru-at-zus-3783493272?refId=qSLdlmtdg4tF0TIqReEKww%3D%3D&trackingId=ls67%2B4dttYUeAD67YPmwnA%3D%3D&position=9&pageNum=1&trk=public_jobs_jserp-result_search-card
34,Medico Hub,Staff Nurse,"Pune, Maharashtra, India",https://in.linkedin.com/jobs/view/staff-nurse-at-medico-hub-3777895082?refId=qSLdlmtdg4tF0TIqReEKww%3D%3D&trackingId=8dgwFgqx3cT2p8KOWc7mkQ%3D%3D&position=10&pageNum=1&trk=public_jobs_jserp-result_search-card
35,Zomato,Key Accounts Manager,"Patiala, Punjab, India",https://in.linkedin.com/jobs/view/key-accounts-manager-at-zomato-3772361979?refId=qSLdlmtdg4tF0TIqReEKww%3D%3D&trackingId=0SiBlZ9yzippd2ka5qxDrw%3D%3D&position=11&pageNum=1&trk=public_jobs_jserp-result_search-card
36,Swiggy,Sales Manager I,"Delhi, Delhi, India",https://in.linkedin.com/jobs/view/sales-manager-i-at-swiggy-3772070295?refId=qSLdlmtdg4tF0TIqReEKww%3D%3D&trackingId=dxhbgREvpq3%2Ffbb0Prdl6Q%3D%3D&position=12&pageNum=1&trk=public_jobs_jserp-result_search-card
37,ZUS,Stanowisko ds. wsparcia zasilania gwarantowanego,"West Bunghmun, Mizoram, India",https://in.linkedin.com/jobs/view/stanowisko-ds-wsparcia-zasilania-gwarantowanego-at-zus-3783484843?refId=qSLdlmtdg4tF0TIqReEKww%3D%3D&trackingId=kD8Dt%2BxSTi1LJAEKJ%2BoFPQ%3D%3D&position=13&pageNum=1&trk=public_jobs_jserp-result_search-card
38,ZUS,Analityk ds. ulg i umorzeń,"Bankura, West Bengal, India",https://in.linkedin.com/jobs/view/analityk-ds-ulg-i-umorze%C5%84-at-zus-3783495035?refId=qSLdlmtdg4tF0TIqReEKww%3D%3D&trackingId=yt8%2BpBx6L%2FB5CEFOy%2FpJZQ%3D%3D&position=14&pageNum=1&trk=public_jobs_jserp-result_search-card
39,Infosys BPM,Accountant,"Pune, Maharashtra, India",https://in.linkedin.com/jobs/view/accountant-at-infosys-bpm-3772859837?refId=qSLdlmtdg4tF0TIqReEKww%3D%3D&trackingId=25HROuWUMa6PrsWX8Aa7iw%3D%3D&position=15&pageNum=1&trk=public_jobs_jserp-result_search-card
40,ZARA SA,Visual Merchandiser,"Chandigarh, India",https://in.linkedin.com/jobs/view/visual-merchandiser-at-zara-sa-3781876111?refId=qSLdlmtdg4tF0TIqReEKww%3D%3D&trackingId=0qDG%2BUu0jblde1FQg57IAQ%3D%3D&position=16&pageNum=1&trk=public_jobs_jserp-result_search-card
41,IKEA,Worli_Logistics Team leader,Mumbai Metropolitan Region,https://in.linkedin.com/jobs/view/worli-logistics-team-leader-at-ikea-3777894659?refId=qSLdlmtdg4tF0TIqReEKww%3D%3D&trackingId=H1DIz9xa1b5vDuq4JCpmNg%3D%3D&position=17&pageNum=1&trk=public_jobs_jserp-result_search-card
42,ZUS,Lekarz orzecznik Zakładu,"West Bunghmun, Mizoram, India",https://in.linkedin.com/jobs/view/lekarz-orzecznik-zak%C5%82adu-at-zus-3783493131?refId=qSLdlmtdg4tF0TIqReEKww%3D%3D&trackingId=zeIQMcp7OFPJedtutiR4ig%3D%3D&position=18&pageNum=1&trk=public_jobs_jserp-result_search-card
43,Purplle.com,Digital Marketing Manager,"Mumbai, Maharashtra, India",https://in.linkedin.com/jobs/view/digital-marketing-manager-at-purplle-com-3771565140?refId=qSLdlmtdg4tF0TIqReEKww%3D%3D&trackingId=R8Y7T3J%2Fp0C7u8NwseccFA%3D%3D&position=19&pageNum=1&trk=public_jobs_jserp-result_search-card
44,Kaitech Integrated Services,Airport Ground Staff-Freshers || Chennai,"Chennai, Tamil Nadu, India",https://in.linkedin.com/jobs/view/airport-ground-staff-freshers-chennai-at-kaitech-integrated-services-3781825356?refId=qSLdlmtdg4tF0TIqReEKww%3D%3D&trackingId=6mnARf0jVt4J69PRrE7Aaw%3D%3D&position=20&pageNum=1&trk=public_jobs_jserp-result_search-card
45,Sociowash,Photographer/Videographer,"New Delhi, Delhi, India",https://in.linkedin.com/jobs/view/photographer-videographer-at-sociowash-3783727601?refId=qSLdlmtdg4tF0TIqReEKww%3D%3D&trackingId=uw7z5x3UPIvl0Ui2ye0nTA%3D%3D&position=21&pageNum=1&trk=public_jobs_jserp-result_search-card
46,Genpact,Management Trainee,"Gurugram, Haryana, India",https://in.linkedin.com/jobs/view/management-trainee-at-genpact-3771505719?refId=qSLdlmtdg4tF0TIqReEKww%3D%3D&trackingId=wF2ABECMoC0ogso%2FqrC17w%3D%3D&position=22&pageNum=1&trk=public_jobs_jserp-result_search-card
47,Kaitech Integrated Services,Airport Ground Staff Jobs at Airport - Freshers,"Kochi, Kerala, India",https://in.linkedin.com/jobs/view/airport-ground-staff-jobs-at-airport-freshers-at-kaitech-integrated-services-3781821908?refId=qSLdlmtdg4tF0TIqReEKww%3D%3D&trackingId=CnHkwpMSifUqWsryiXhiqA%3D%3D&position=23&pageNum=1&trk=public_jobs_jserp-result_search-card
48,Myntra,Manager - Category Management,"Bengaluru, Karnataka, India",https://in.linkedin.com/jobs/view/manager-category-management-at-myntra-3778841609?refId=qSLdlmtdg4tF0TIqReEKww%3D%3D&trackingId=U4KWVmDeKQp20KqnA%2FDsPg%3D%3D&position=24&pageNum=1&trk=public_jobs_jserp-result_search-card
49,IDFC FIRST Bank,Customer Service Executive-Social Media,"Navi Mumbai, Maharashtra, India",https://in.linkedin.com/jobs/view/customer-service-executive-social-media-at-idfc-first-bank-3771938690?refId=qSLdlmtdg4tF0TIqReEKww%3D%3D&trackingId=uxzr3fDVRmH7a53ytLAHpQ%3D%3D&position=25&pageNum=1&trk=public_jobs_jserp-result_search-card
50,IDFC FIRST Bank,Customer Service Executive-Social Media,"Navi Mumbai, Maharashtra, India",https://in.linkedin.com/jobs/view/customer-service-executive-social-media-at-idfc-first-bank-3771938690?refId=mNQW6abhTLbN8dDOTeUk5A%3D%3D&trackingId=PZdl7ivlcvti9yEFVLn8pw%3D%3D&position=1&pageNum=2&trk=public_jobs_jserp-result_search-card
51,ZUS,Analityk ds. ulg i umorzeń (wyniki naboru),"West Bunghmun, Mizoram, India",https://in.linkedin.com/jobs/view/analityk-ds-ulg-i-umorze%C5%84-wyniki-naboru-at-zus-3783481718?refId=mNQW6abhTLbN8dDOTeUk5A%3D%3D&trackingId=vFrLvvWrkV8tPPOsWezlDg%3D%3D&position=2&pageNum=2&trk=public_jobs_jserp-result_search-card
52,Medanta,Deputy Manager Quality (Medanta Lucknow),"Lucknow, Uttar Pradesh, India",https://in.linkedin.com/jobs/view/deputy-manager-quality-medanta-lucknow-at-medanta-3772342419?refId=mNQW6abhTLbN8dDOTeUk5A%3D%3D&trackingId=wJj1U2YM6V1v80K8Wg%2FIzw%3D%3D&position=3&pageNum=2&trk=public_jobs_jserp-result_search-card
53,ZUS,Doradca ds. emerytalnych,"West Bunghmun, Mizoram, India",https://in.linkedin.com/jobs/view/doradca-ds-emerytalnych-at-zus-3783492985?refId=mNQW6abhTLbN8dDOTeUk5A%3D%3D&trackingId=Vme0TP7AzN%2FasY6Cggo7TQ%3D%3D&position=4&pageNum=2&trk=public_jobs_jserp-result_search-card
54,Welspun World,Site Civil Engineer,"Hyderabad, Telangana, India",https://in.linkedin.com/jobs/view/site-civil-engineer-at-welspun-world-3771351403?refId=mNQW6abhTLbN8dDOTeUk5A%3D%3D&trackingId=fkE7h1yYhlcjNOqONzD4tA%3D%3D&position=5&pageNum=2&trk=public_jobs_jserp-result_search-card
55,KPMG India,Digital Strategy-AM/Consultant- Tech in M&A,"Bengaluru, Karnataka, India",https://in.linkedin.com/jobs/view/digital-strategy-am-consultant-tech-in-m-a-at-kpmg-india-3771872844?refId=mNQW6abhTLbN8dDOTeUk5A%3D%3D&trackingId=4FBL1PILW5yxQYnic%2FBBhQ%3D%3D&position=6&pageNum=2&trk=public_jobs_jserp-result_search-card
56,IKEA,Continuous Improvement Manager,"Bengaluru, Karnataka, India",https://in.linkedin.com/jobs/view/continuous-improvement-manager-at-ikea-3771891031?refId=mNQW6abhTLbN8dDOTeUk5A%3D%3D&trackingId=a9n%2FrPMZ2un%2FjgDBp46CmQ%3D%3D&position=7&pageNum=2&trk=public_jobs_jserp-result_search-card
57,Sagar Hospitals,Registrar,"Bengaluru, Karnataka, India",https://in.linkedin.com/jobs/view/registrar-at-sagar-hospitals-3782014427?refId=mNQW6abhTLbN8dDOTeUk5A%3D%3D&trackingId=ZHMOiviIFV3C6cPefkf%2F%2Bg%3D%3D&position=8&pageNum=2&trk=public_jobs_jserp-result_search-card
58,Curefit - house of cult,Group Company Secretary & Compliance Officer,Greater Bengaluru Area,https://in.linkedin.com/jobs/view/group-company-secretary-compliance-officer-at-curefit-house-of-cult-3768961966?refId=mNQW6abhTLbN8dDOTeUk5A%3D%3D&trackingId=b58XyE5yTY58j7pCthGm9A%3D%3D&position=9&pageNum=2&trk=public_jobs_jserp-result_search-card
59,NVIDIA,HR Operations Specialist,"Bengaluru, Karnataka, India",https://in.linkedin.com/jobs/view/hr-operations-specialist-at-nvidia-3772363773?refId=mNQW6abhTLbN8dDOTeUk5A%3D%3D&trackingId=U7SG7a9iOJGHD9Oft44dnw%3D%3D&position=10&pageNum=2&trk=public_jobs_jserp-result_search-card
60,Maharishi Ayurveda,Front Desk Receptionist,"Noida, Uttar Pradesh, India",https://in.linkedin.com/jobs/view/front-desk-receptionist-at-maharishi-ayurveda-3782008975?refId=mNQW6abhTLbN8dDOTeUk5A%3D%3D&trackingId=6QMxTVRq%2FH0mjzUG9D%2Fv%2FQ%3D%3D&position=11&pageNum=2&trk=public_jobs_jserp-result_search-card
61,Saregama India Ltd.,Assistant Manager/ Deputy Manager - Legal,Mumbai Metropolitan Region,https://in.linkedin.com/jobs/view/assistant-manager-deputy-manager-legal-at-saregama-india-ltd-3771949634?refId=mNQW6abhTLbN8dDOTeUk5A%3D%3D&trackingId=ZDLAObbXyoQCQhbVVej%2FOw%3D%3D&position=12&pageNum=2&trk=public_jobs_jserp-result_search-card
62,Deutsche Bank,Operations Manager,"Bengaluru, Karnataka, India",https://in.linkedin.com/jobs/view/operations-manager-at-deutsche-bank-3772514114?refId=mNQW6abhTLbN8dDOTeUk5A%3D%3D&trackingId=oIlYJuj%2FrEkzjLdzAQZ6Hg%3D%3D&position=13&pageNum=2&trk=public_jobs_jserp-result_search-card
63,Dabur India Limited,Category/Trade Activation Manager (CAM/TAM),"Ghaziabad, Uttar Pradesh, India",https://in.linkedin.com/jobs/view/category-trade-activation-manager-cam-tam-at-dabur-india-limited-3772372428?refId=mNQW6abhTLbN8dDOTeUk5A%3D%3D&trackingId=rjIhoV7YKCLwIF5aKIifIw%3D%3D&position=14&pageNum=2&trk=public_jobs_jserp-result_search-card
64,"Dubai Jobs, Gulf Jobs, Jobs in Dubai, Qatar, Kuwait - Boyen Haddin & The Giant HR Consultant",Engg/Sr Engg- WH,"Gautam Buddha Nagar, Uttar Pradesh, India",https://in.linkedin.com/jobs/view/engg-sr-engg-wh-at-dubai-jobs-gulf-jobs-jobs-in-dubai-qatar-kuwait-boyen-haddin-the-giant-hr-consultant-3768506378?refId=mNQW6abhTLbN8dDOTeUk5A%3D%3D&trackingId=ydaIag5cQ85Q6m7G2iXMYw%3D%3D&position=15&pageNum=2&trk=public_jobs_jserp-result_search-card
65,PhonePe,Manager - Research & Insights,"Bengaluru, Karnataka, India",https://in.linkedin.com/jobs/view/manager-research-insights-at-phonepe-3771371416?refId=mNQW6abhTLbN8dDOTeUk5A%3D%3D&trackingId=fan7w0RpAu0sVQoCCTlRyQ%3D%3D&position=16&pageNum=2&trk=public_jobs_jserp-result_search-card
66,Swiggy,Associate Sales Manager,"Uttar Pradesh, India",https://in.linkedin.com/jobs/view/associate-sales-manager-at-swiggy-3783620231?refId=mNQW6abhTLbN8dDOTeUk5A%3D%3D&trackingId=ZenP0Su5I9qdvulvrHchiA%3D%3D&position=17&pageNum=2&trk=public_jobs_jserp-result_search-card
67,91Squarefeet,Site Supervisor,"Mumbai, Maharashtra, India",https://in.linkedin.com/jobs/view/site-supervisor-at-91squarefeet-3772782306?refId=mNQW6abhTLbN8dDOTeUk5A%3D%3D&trackingId=qe%2Fg9qsEoZatD3HSu%2BSqUg%3D%3D&position=18&pageNum=2&trk=public_jobs_jserp-result_search-card
68,Kaitech Integrated Services,Airport Ground Staff Jobs at Airport - Freshers,"Kochi, Kerala, India",https://in.linkedin.com/jobs/view/airport-ground-staff-jobs-at-airport-freshers-at-kaitech-integrated-services-3781823481?refId=mNQW6abhTLbN8dDOTeUk5A%3D%3D&trackingId=JoxP27tP19%2FdlMqZoqWvtg%3D%3D&position=19&pageNum=2&trk=public_jobs_jserp-result_search-card
69,Bristol Myers Squibb,Business Analyst I [T500-9751],"Hyderabad, Telangana, India",https://in.linkedin.com/jobs/view/business-analyst-i-t500-9751-at-bristol-myers-squibb-3772373016?refId=mNQW6abhTLbN8dDOTeUk5A%3D%3D&trackingId=7bgwPyzxGohDwOuPIEH%2FiA%3D%3D&position=20&pageNum=2&trk=public_jobs_jserp-result_search-card
70,CRISIL Limited,Credit Analyst / Senior Credit Analyst - Structured Finance,"Mumbai, Maharashtra, India",https://in.linkedin.com/jobs/view/credit-analyst-senior-credit-analyst-structured-finance-at-crisil-limited-3772516803?refId=mNQW6abhTLbN8dDOTeUk5A%3D%3D&trackingId=QcymdObwPZ8l%2FrOVunr7Yg%3D%3D&position=21&pageNum=2&trk=public_jobs_jserp-result_search-card
71,ZUS,Stanowisko ds. legislacji,"West Bunghmun, Mizoram, India",https://in.linkedin.com/jobs/view/stanowisko-ds-legislacji-at-zus-3783483122?refId=mNQW6abhTLbN8dDOTeUk5A%3D%3D&trackingId=Dvy5WF3B%2Fptxaa46J0PISw%3D%3D&position=22&pageNum=2&trk=public_jobs_jserp-result_search-card
72,Marks and Spencer Reliance India Private Limited,Chief Manager - Partner Business,"Gurugram, Haryana, India",https://in.linkedin.com/jobs/view/chief-manager-partner-business-at-marks-and-spencer-reliance-india-private-limited-3770978354?refId=mNQW6abhTLbN8dDOTeUk5A%3D%3D&trackingId=a6LJ8OLVSrQBjondwyr%2Fbg%3D%3D&position=23&pageNum=2&trk=public_jobs_jserp-result_search-card
73,PSA BDP,Business Analyst,"Mumbai, Maharashtra, India",https://in.linkedin.com/jobs/view/business-analyst-at-psa-bdp-3772191449?refId=mNQW6abhTLbN8dDOTeUk5A%3D%3D&trackingId=Iuf50vMYv48z6xA%2Bz%2B2t%2FA%3D%3D&position=24&pageNum=2&trk=public_jobs_jserp-result_search-card
74,Bristol Myers Squibb,Business Analyst I [T500-9716],"Hyderabad, Telangana, India",https://in.linkedin.com/jobs/view/business-analyst-i-t500-9716-at-bristol-myers-squibb-3772369988?refId=mNQW6abhTLbN8dDOTeUk5A%3D%3D&trackingId=3L7%2ButVvfcojaB6vvaZ4Ng%3D%3D&position=25&pageNum=2&trk=public_jobs_jserp-result_search-card
75,airtel,TSM,"Uttar Pradesh, India",https://in.linkedin.com/jobs/view/tsm-at-airtel-3783725564?refId=5EYYHfWPRoKI2VO7Gyojcw%3D%3D&trackingId=%2BI5szMc52udxAVf2sxhTbg%3D%3D&position=1&pageNum=3&trk=public_jobs_jserp-result_search-card
76,Dot & Key Skincare,Assistant Brand & Marketing Manager,"Kolkata, West Bengal, India",https://in.linkedin.com/jobs/view/assistant-brand-marketing-manager-at-dot-key-skincare-3777884416?refId=5EYYHfWPRoKI2VO7Gyojcw%3D%3D&trackingId=%2Boj%2FYWpVimpLKk%2Ff8NX23w%3D%3D&position=2&pageNum=3&trk=public_jobs_jserp-result_search-card
77,Dabur India Limited,Digital Marketing Manager,"Ghaziabad, Uttar Pradesh, India",https://in.linkedin.com/jobs/view/digital-marketing-manager-at-dabur-india-limited-3771943083?refId=5EYYHfWPRoKI2VO7Gyojcw%3D%3D&trackingId=%2B%2BSjRwwJ1ppQo4XYRk3Z3g%3D%3D&position=3&pageNum=3&trk=public_jobs_jserp-result_search-card
78,Mavericks Education,Sales Officer,"Purulia-I, West Bengal, India",https://in.linkedin.com/jobs/view/sales-officer-at-mavericks-education-3782009911?refId=5EYYHfWPRoKI2VO7Gyojcw%3D%3D&trackingId=dlV0GsKBw5P6Dr%2BYWWJLOg%3D%3D&position=4&pageNum=3&trk=public_jobs_jserp-result_search-card
79,Infosys BPM,Senior Process Executive- HRO-Onboarding,"Chandigarh, Chandigarh, India",https://in.linkedin.com/jobs/view/senior-process-executive-hro-onboarding-at-infosys-bpm-3783490333?refId=5EYYHfWPRoKI2VO7Gyojcw%3D%3D&trackingId=k4Q6g0ipzxjw8y8YwtyTIA%3D%3D&position=5&pageNum=3&trk=public_jobs_jserp-result_search-card
80,HCLTech,HCL is hiring for Quality Analyst Role,"Noida, Uttar Pradesh, India",https://in.linkedin.com/jobs/view/hcl-is-hiring-for-quality-analyst-role-at-hcltech-3771559716?refId=5EYYHfWPRoKI2VO7Gyojcw%3D%3D&trackingId=m4Ak2v8J8k2PrfTtmAfxTA%3D%3D&position=6&pageNum=3&trk=public_jobs_jserp-result_search-card
81,Infosys,ReactJS Developer,"Pune, Maharashtra, India",https://in.linkedin.com/jobs/view/reactjs-developer-at-infosys-3772572929?refId=5EYYHfWPRoKI2VO7Gyojcw%3D%3D&trackingId=ZWav0tI7hFp8RagLv69jIg%3D%3D&position=7&pageNum=3&trk=public_jobs_jserp-result_search-card
82,DLF Limited,House Manager,"New Delhi, Delhi, India",https://in.linkedin.com/jobs/view/house-manager-at-dlf-limited-3781834028?refId=5EYYHfWPRoKI2VO7Gyojcw%3D%3D&trackingId=ktYFRBpcM4n4h0COCaiosA%3D%3D&position=8&pageNum=3&trk=public_jobs_jserp-result_search-card
83,NAB,Payment Specialist,"Gurugram, Haryana, India",https://in.linkedin.com/jobs/view/payment-specialist-at-nab-3768988789?refId=5EYYHfWPRoKI2VO7Gyojcw%3D%3D&trackingId=S7cKM%2F4s%2FZDtazs70e7xsQ%3D%3D&position=9&pageNum=3&trk=public_jobs_jserp-result_search-card
84,Tesco Bengaluru,Senior Analyst-Data Analysis,"Bengaluru, Karnataka, India",https://in.linkedin.com/jobs/view/senior-analyst-data-analysis-at-tesco-bengaluru-3783709915?refId=5EYYHfWPRoKI2VO7Gyojcw%3D%3D&trackingId=tg3KJ0e2pzhPfaT9YV5NKA%3D%3D&position=10&pageNum=3&trk=public_jobs_jserp-result_search-card
85,airtel,RTM,"Haryana, India",https://in.linkedin.com/jobs/view/rtm-at-airtel-3772741571?refId=5EYYHfWPRoKI2VO7Gyojcw%3D%3D&trackingId=P7ryMwoAEOkYNPma9Y8NSg%3D%3D&position=11&pageNum=3&trk=public_jobs_jserp-result_search-card
86,ZUS,Doradca płatnika składek,"West Bunghmun, Mizoram, India",https://in.linkedin.com/jobs/view/doradca-p%C5%82atnika-sk%C5%82adek-at-zus-3783457759?refId=5EYYHfWPRoKI2VO7Gyojcw%3D%3D&trackingId=3Z0NSA9P%2FYrodmfCNUMjEQ%3D%3D&position=12&pageNum=3&trk=public_jobs_jserp-result_search-card
87,Google,"Vendor Operations Manager, Trust and Safety","Gurugram, Haryana, India",https://in.linkedin.com/jobs/view/vendor-operations-manager-trust-and-safety-at-google-3768500794?refId=5EYYHfWPRoKI2VO7Gyojcw%3D%3D&trackingId=sVSMb%2BEJRMXIWrim34ypsQ%3D%3D&position=13&pageNum=3&trk=public_jobs_jserp-result_search-card
88,ZUS,Stanowisko ds. kadrowo-płacowych (lista kandydatów),"West Bunghmun, Mizoram, India",https://in.linkedin.com/jobs/view/stanowisko-ds-kadrowo-p%C5%82acowych-lista-kandydat%C3%B3w-at-zus-3783494304?refId=5EYYHfWPRoKI2VO7Gyojcw%3D%3D&trackingId=xEUcprr%2FTffRX4LTc%2BIvHw%3D%3D&position=14&pageNum=3&trk=public_jobs_jserp-result_search-card
89,Cummins Inc.,Supply Chain Analyst,"Pune, Maharashtra, India",https://in.linkedin.com/jobs/view/supply-chain-analyst-at-cummins-inc-3771752529?refId=5EYYHfWPRoKI2VO7Gyojcw%3D%3D&trackingId=oj43mk8X%2Fa5ZC3gfqqQ5PA%3D%3D&position=15&pageNum=3&trk=public_jobs_jserp-result_search-card
90,Konrad Integrated,Airport Ground Staff Jobs at Airport - Freshers,"Mumbai, Maharashtra, India",https://in.linkedin.com/jobs/view/airport-ground-staff-jobs-at-airport-freshers-at-konrad-integrated-3783456031?refId=5EYYHfWPRoKI2VO7Gyojcw%3D%3D&trackingId=XQEe09ejN6bZB4KTaRrosg%3D%3D&position=16&pageNum=3&trk=public_jobs_jserp-result_search-card
91,Indo-French Chamber of Commerce & Industry (IFCCI),Business Development Manager (For IFCCI's Client),"Delhi, India",https://in.linkedin.com/jobs/view/business-development-manager-for-ifcci-s-client-at-indo-french-chamber-of-commerce-industry-ifcci-3783447063?refId=5EYYHfWPRoKI2VO7Gyojcw%3D%3D&trackingId=BcUyEP7%2F3YEZ%2FNIcp8mA8w%3D%3D&position=17&pageNum=3&trk=public_jobs_jserp-result_search-card
92,ZUS,Stanowisko ds. rozliczeń,"West Bunghmun, Mizoram, India",https://in.linkedin.com/jobs/view/stanowisko-ds-rozlicze%C5%84-at-zus-3783492569?refId=5EYYHfWPRoKI2VO7Gyojcw%3D%3D&trackingId=DcUCO0ZvcCZelh6iXUtiYQ%3D%3D&position=18&pageNum=3&trk=public_jobs_jserp-result_search-card
93,Geeta Group of Companies,Electrical Engineer,"Itanagar, Arunachal Pradesh, India",https://in.linkedin.com/jobs/view/electrical-engineer-at-geeta-group-of-companies-3781821095?refId=5EYYHfWPRoKI2VO7Gyojcw%3D%3D&trackingId=UbOXTYOOS%2BusdGm2inqAEg%3D%3D&position=19&pageNum=3&trk=public_jobs_jserp-result_search-card
94,ZUS,Stanowisko ds. rozliczeń,"West Bunghmun, Mizoram, India",https://in.linkedin.com/jobs/view/stanowisko-ds-rozlicze%C5%84-at-zus-3783482032?refId=5EYYHfWPRoKI2VO7Gyojcw%3D%3D&trackingId=QsmAGTU%2BNMENYhr2kn4xjQ%3D%3D&position=20&pageNum=3&trk=public_jobs_jserp-result_search-card
95,UR Infotech,"Data Entry Operator,Home Based Job, Part Time","Mysore, Karnataka, India",https://in.linkedin.com/jobs/view/data-entry-operator-home-based-job-part-time-at-ur-infotech-3781816932?refId=5EYYHfWPRoKI2VO7Gyojcw%3D%3D&trackingId=zL0AUD%2B%2BsiT0aR2mJqXi8A%3D%3D&position=21&pageNum=3&trk=public_jobs_jserp-result_search-card
96,UR Infotech,"Data Entry Operator,Home Based Job, Part Time","Wadi, Karnataka, India",https://in.linkedin.com/jobs/view/data-entry-operator-home-based-job-part-time-at-ur-infotech-3781820311?refId=5EYYHfWPRoKI2VO7Gyojcw%3D%3D&trackingId=shQ0I0qi0FB%2BNUrvoLDAgg%3D%3D&position=22&pageNum=3&trk=public_jobs_jserp-result_search-card
97,UR Infotech,"Data Entry Operator,Home Based Job, Part Time","Guntur, Andhra Pradesh, India",https://in.linkedin.com/jobs/view/data-entry-operator-home-based-job-part-time-at-ur-infotech-3781819407?refId=5EYYHfWPRoKI2VO7Gyojcw%3D%3D&trackingId=uDY4kmgKfBmB%2FtNW1PMlNA%3D%3D&position=23&pageNum=3&trk=public_jobs_jserp-result_search-card
98,GMR Group,EA to COO - 9944,"Anugul, Odisha, India",https://in.linkedin.com/jobs/view/ea-to-coo-9944-at-gmr-group-3772071154?refId=5EYYHfWPRoKI2VO7Gyojcw%3D%3D&trackingId=wXFVdUDs8vyFW%2BuBCNm%2BWA%3D%3D&position=24&pageNum=3&trk=public_jobs_jserp-result_search-card
99,Bristol Myers Squibb,Business Analyst II [T500-9714],"Hyderabad, Telangana, India",https://in.linkedin.com/jobs/view/business-analyst-ii-t500-9714-at-bristol-myers-squibb-3772373289?refId=5EYYHfWPRoKI2VO7Gyojcw%3D%3D&trackingId=VIa7MMzQ3z9v8svCzZogRA%3D%3D&position=25&pageNum=3&trk=public_jobs_jserp-result_search-card
